date,temp_mean,temp_max,temp_min
2023-01-01,-2.5,1.7,-5.9
2023-01-02,-6.0,-2.0,-8.6
2023-01-03,-6.3,-1.5,-9.2
2023-01-04,-4.2,1.6,-7.2
2023-01-05,-3.3,3.2,-7.3
2023-01-06,-1.5,4.7,-5.9
2023-01-07,0.1,3.9,-4.9
2023-01-08,-1.1,5.2,-6.5
2023-01-09,1.0,5.0,-4.6
2023-01-10,-1.4,6.2,-6.4
2023-01-11,-0.6,6.4,-5.4
2023-01-12,1.7,11.1,-3.2
2023-01-13,6.1,9.9,3.1
2023-01-14,4.3,6.9,1.5
2023-01-15,-0.7,1.9,-4.6
2023-01-16,-6.2,-3.1,-9.4
2023-01-17,-5.3,-1.6,-8.8
2023-01-18,-4.3,1.0,-7.3
2023-01-19,-2.5,3.6,-8.0
2023-01-20,-4.4,1.5,-10.1
2023-01-21,-7.3,-1.5,-12.1
2023-01-22,-2.6,2.6,-6.3
2023-01-23,-2.0,4.1,-8.1
2023-01-24,-14.9,-8.9,-18.4
2023-01-25,-13.3,-8.1,-18.5
2023-01-26,-6.0,-2.0,-10.3
2023-01-27,-10.1,-5.1,-15.8
2023-01-28,-7.9,-2.5,-12.1
2023-01-29,-4.1,4.0,-9.6
2023-01-30,-3.2,2.4,-6.5
2023-01-31,-0.0,7.4,-5.7
2023-02-01,-0.3,3.5,-4.8
2023-02-02,-3.6,0.5,-6.1
2023-02-03,-3.1,1.8,-5.0
2023-02-04,-2.8,4.1,-7.0
2023-02-05,-0.6,6.1,-6.1
2023-02-06,-0.2,7.0,-4.7
2023-02-07,0.8,7.8,-3.1
2023-02-08,-0.2,6.7,-4.7
2023-02-09,1.5,9.3,-5.2
2023-02-10,2.3,6.4,-2.8
2023-02-11,-0.6,5.1,-4.8
2023-02-12,1.7,8.3,-3.8
2023-02-13,4.2,8.1,0.7
2023-02-14,0.3,6.2,-4.8
2023-02-15,0.7,6.5,-3.4
2023-02-16,0.8,4.0,-3.1
2023-02-17,0.8,7.3,-4.4
2023-02-18,3.3,8.0,-1.3
2023-02-19,2.0,4.6,-2.8
2023-02-20,-2.5,1.2,-5.6
2023-02-21,-3.3,2.3,-6.8
2023-02-22,-1.8,5.3,-6.5
2023-02-23,0.0,7.1,-5.3
2023-02-24,1.6,7.1,-2.2
2023-02-25,-1.1,4.4,-5.1
2023-02-26,-0.7,6.7,-6.2
2023-02-27,0.5,9.5,-4.6
2023-02-28,2.2,7.5,-4.9
2023-03-01,4.5,8.3,0.7
2023-03-02,0.4,5.4,-4.0
2023-03-03,1.9,8.8,-4.9
2023-03-04,4.3,12.6,-1.3
2023-03-05,4.6,12.9,-2.4
2023-03-06,5.2,13.4,-2.9
2023-03-07,8.4,16.3,2.9
2023-03-08,9.4,15.2,4.6
2023-03-09,8.6,11.1,4.2
2023-03-10,9.6,20.2,2.5
2023-03-11,11.0,19.6,5.3
2023-03-12,4.8,7.5,-1.1
2023-03-13,0.7,5.3,-4.0
2023-03-14,5.7,12.6,0.6
2023-03-15,7.3,13.8,3.1
2023-03-16,3.0,9.1,-2.0
2023-03-17,4.5,10.8,-2.1
2023-03-18,5.7,12.5,-0.6
2023-03-19,4.7,12.4,-2.1
2023-03-20,6.1,13.7,-0.3
2023-03-21,9.0,18.2,0.6
2023-03-22,13.2,22.0,4.8
2023-03-23,15.5,22.0,11.0
2023-03-24,10.3,16.6,4.7
2023-03-25,11.0,17.0,6.3
2023-03-26,8.3,13.0,3.5
2023-03-27,5.2,11.9,-0.5
2023-03-28,6.9,14.2,0.4
2023-03-29,9.3,18.2,2.3
2023-03-30,11.1,19.8,4.0
2023-03-31,12.3,21.9,5.4
2023-04-01,14.9,24.3,5.2
2023-04-02,16.5,23.1,9.4
2023-04-03,16.3,24.5,7.8
2023-04-04,15.5,20.7,11.6
2023-04-05,12.3,15.4,8.4
2023-04-06,8.9,10.8,6.9
2023-04-07,7.7,13.5,2.7
2023-04-08,6.7,13.1,0.7
2023-04-09,8.2,16.0,2.1
2023-04-10,10.6,18.0,4.1
2023-04-11,12.1,17.3,7.8
2023-04-12,8.0,13.6,0.7
2023-04-13,9.4,17.4,2.4
2023-04-14,13.1,20.0,7.6
2023-04-15,11.0,13.6,7.5
2023-04-16,9.3,15.2,5.4
2023-04-17,10.2,15.6,3.3
2023-04-18,12.4,18.8,9.3
2023-04-19,16.1,26.5,9.2
2023-04-20,14.5,17.8,11.1
2023-04-21,14.8,20.6,9.3
2023-04-22,13.7,17.8,9.8
2023-04-23,14.4,20.4,8.5
2023-04-24,13.8,20.0,9.1
2023-04-25,9.8,12.5,7.3
2023-04-26,9.4,13.9,5.5
2023-04-27,10.4,18.6,3.8
2023-04-28,13.5,20.0,6.4
2023-04-29,12.6,14.4,8.9
2023-04-30,11.5,17.2,6.4
2023-05-01,12.0,18.4,7.0
2023-05-02,14.7,23.0,6.7
2023-05-03,17.2,24.1,9.2
2023-05-04,19.0,26.3,12.2
2023-05-05,18.3,20.7,15.2
2023-05-06,11.8,13.3,11.0
2023-05-07,12.6,16.3,8.6
2023-05-08,12.3,19.4,5.5
2023-05-09,13.0,19.2,6.7
2023-05-10,14.8,22.6,7.2
2023-05-11,16.1,24.3,9.1
2023-05-12,15.1,21.6,9.6
2023-05-13,15.5,21.7,9.0
2023-05-14,15.7,21.0,10.5
2023-05-15,17.5,25.9,10.3
2023-05-16,20.3,27.9,14.0
2023-05-17,19.9,26.7,13.7
2023-05-18,19.9,25.3,15.0
2023-05-19,20.4,24.9,15.6
2023-05-20,19.0,25.1,14.7
2023-05-21,16.6,20.2,14.4
2023-05-22,18.1,24.6,13.7
2023-05-23,18.3,24.9,12.9
2023-05-24,18.8,25.3,12.9
2023-05-25,18.8,24.9,12.6
2023-05-26,19.9,25.8,14.7
2023-05-27,18.3,19.8,16.0
2023-05-28,18.6,19.7,17.7
2023-05-29,21.4,26.7,18.0
2023-05-30,21.3,26.0,17.9
2023-05-31,20.3,25.0,17.0
2023-06-01,20.6,24.4,17.0
2023-06-02,18.8,23.4,15.8
2023-06-03,19.5,25.5,14.2
2023-06-04,18.8,24.0,14.1
2023-06-05,18.8,22.5,14.7
2023-06-06,18.4,22.5,14.6
2023-06-07,20.0,24.8,16.3
2023-06-08,19.2,22.7,16.9
2023-06-09,20.7,25.8,16.4
2023-06-10,21.1,27.4,18.1
2023-06-11,20.2,23.3,17.0
2023-06-12,20.9,25.4,17.2
2023-06-13,20.0,23.7,16.9
2023-06-14,19.9,24.7,14.3
2023-06-15,20.5,25.6,15.9
2023-06-16,20.9,25.8,16.6
2023-06-17,21.4,27.9,16.0
2023-06-18,23.1,29.3,18.4
2023-06-19,26.3,33.9,20.3
2023-06-20,23.0,25.9,20.4
2023-06-21,21.0,24.0,19.0
2023-06-22,20.0,24.4,15.1
2023-06-23,22.1,27.7,18.1
2023-06-24,24.2,28.3,20.4
2023-06-25,25.4,31.4,19.8
2023-06-26,23.1,26.1,21.2
2023-06-27,23.5,27.3,20.4
2023-06-28,24.0,28.1,20.9
2023-06-29,23.1,24.5,22.3
2023-06-30,24.0,26.8,21.8
2023-07-01,25.5,31.3,21.4
2023-07-02,24.3,29.0,21.1
2023-07-03,26.8,32.6,21.3
2023-07-04,24.9,28.0,22.6
2023-07-05,23.4,26.2,21.0
2023-07-06,25.1,30.0,20.6
2023-07-07,24.7,29.9,20.9
2023-07-08,23.8,28.9,19.7
2023-07-09,23.7,26.1,22.2
2023-07-10,24.8,29.0,21.1
2023-07-11,23.0,24.1,20.9
2023-07-12,24.8,28.1,21.7
2023-07-13,24.3,25.7,23.3
2023-07-14,24.4,25.6,23.5
2023-07-15,24.1,26.0,23.0
2023-07-16,23.6,25.6,22.4
2023-07-17,23.9,26.0,22.0
2023-07-18,23.8,25.5,22.1
2023-07-19,25.2,30.5,21.5
2023-07-20,25.6,30.9,21.0
2023-07-21,27.1,32.0,22.0
2023-07-22,26.3,30.2,24.0
2023-07-23,24.6,26.2,23.5
2023-07-24,25.3,29.0,23.1
2023-07-25,25.2,28.6,22.4
2023-07-26,24.8,28.9,22.3
2023-07-27,25.7,30.8,22.0
2023-07-28,27.1,32.0,22.7
2023-07-29,27.6,31.4,24.5
2023-07-30,27.6,33.1,22.7
2023-07-31,27.2,31.4,23.5
2023-08-01,28.1,32.5,23.9
2023-08-02,27.3,31.0,24.1
2023-08-03,26.7,31.0,22.4
2023-08-04,27.8,32.1,23.5
2023-08-05,27.9,33.6,23.4
2023-08-06,28.2,31.9,24.6
2023-08-07,28.2,32.7,24.4
2023-08-08,28.2,33.7,23.2
2023-08-09,27.0,31.4,24.0
2023-08-10,22.0,24.0,20.5
2023-08-11,22.9,24.5,20.7
2023-08-12,23.8,26.2,22.2
2023-08-13,25.7,29.9,22.0
2023-08-14,26.9,31.3,23.2
2023-08-15,26.7,30.7,23.3
2023-08-16,25.6,29.4,22.2
2023-08-17,26.4,30.6,22.5
2023-08-18,26.9,30.6,23.4
2023-08-19,26.8,31.4,23.6
2023-08-20,26.2,30.3,22.6
2023-08-21,26.9,31.6,23.8
2023-08-22,25.8,29.2,23.8
2023-08-23,24.1,25.1,23.2
2023-08-24,24.3,27.8,22.0
2023-08-25,24.8,27.7,22.2
2023-08-26,24.5,28.5,21.2
2023-08-27,23.9,27.2,20.8
2023-08-28,22.5,24.8,20.9
2023-08-29,23.4,25.1,21.4
2023-08-30,22.2,24.8,20.4
2023-08-31,22.8,27.2,19.5
2023-09-01,22.5,27.8,18.1
2023-09-02,22.9,29.1,18.0
2023-09-03,25.1,29.1,22.0
2023-09-04,24.4,27.7,22.0
2023-09-05,25.8,30.5,23.2
2023-09-06,25.7,30.2,22.0
2023-09-07,23.9,29.6,18.2
2023-09-08,22.4,28.2,16.5
2023-09-09,23.5,29.0,18.8
2023-09-10,23.4,27.6,19.0
2023-09-11,23.7,27.9,21.2
2023-09-12,23.7,28.3,20.2
2023-09-13,21.5,22.9,19.5
2023-09-14,21.9,26.3,17.6
2023-09-15,21.3,23.4,20.1
2023-09-16,22.7,26.3,20.4
2023-09-17,22.8,26.7,20.4
2023-09-18,22.7,26.9,19.7
2023-09-19,22.4,26.5,19.0
2023-09-20,20.6,22.1,19.0
2023-09-21,18.9,22.4,16.2
2023-09-22,18.1,23.8,12.4
2023-09-23,19.8,24.9,14.8
2023-09-24,19.8,24.3,15.4
2023-09-25,19.7,23.0,17.1
2023-09-26,19.7,21.5,18.5
2023-09-27,20.9,23.4,19.6
2023-09-28,21.0,24.7,17.9
2023-09-29,19.1,23.7,15.9
2023-09-30,18.8,21.5,15.6
2023-10-01,16.1,21.3,12.1
2023-10-02,16.4,22.1,11.9
2023-10-03,15.8,20.9,11.8
2023-10-04,16.2,21.5,11.9
2023-10-05,13.1,17.1,9.3
2023-10-06,13.6,19.0,9.1
2023-10-07,14.6,20.8,8.2
2023-10-08,15.7,19.3,12.7
2023-10-09,15.6,19.4,13.1
2023-10-10,14.9,21.3,10.4
2023-10-11,15.2,21.2,11.1
2023-10-12,15.0,22.1,9.5
2023-10-13,16.0,20.0,12.5
2023-10-14,14.4,16.7,10.9
2023-10-15,14.3,19.5,10.8
2023-10-16,12.0,17.1,7.8
2023-10-17,11.8,17.7,7.8
2023-10-18,12.8,19.3,6.8
2023-10-19,15.3,18.4,13.5
2023-10-20,10.8,13.5,6.2
2023-10-21,9.0,15.3,4.0
2023-10-22,10.2,16.6,4.0
2023-10-23,12.7,18.0,7.8
2023-10-24,12.5,17.8,8.2
2023-10-25,13.8,20.0,9.2
2023-10-26,14.3,19.6,10.7
2023-10-27,13.3,17.6,8.9
2023-10-28,12.2,17.4,7.1
2023-10-29,12.1,18.3,6.8
2023-10-30,11.6,18.5,6.5
2023-10-31,12.3,18.4,7.5
2023-11-01,17.0,21.9,14.4
2023-11-02,17.8,23.0,14.5
2023-11-03,16.8,19.3,15.2
2023-11-04,16.4,20.2,13.9
2023-11-05,15.8,19.8,12.6
2023-11-06,13.9,18.9,6.7
2023-11-07,4.5,7.0,2.2
2023-11-08,6.2,12.8,-0.4
2023-11-09,10.4,18.0,4.2
2023-11-10,2.3,6.9,-0.6
2023-11-11,-0.1,4.2,-3.2
2023-11-12,-0.8,3.4,-4.4
2023-11-13,-0.7,4.5,-4.9
2023-11-14,2.6,8.1,-2.7
2023-11-15,4.4,10.7,-1.9
2023-11-16,5.1,7.5,2.5
2023-11-17,0.6,3.9,-3.5
2023-11-18,-1.3,4.0,-4.6
2023-11-19,3.8,12.6,-3.4
2023-11-20,3.0,8.8,-2.3
2023-11-21,3.8,11.3,-1.4
2023-11-22,5.7,12.6,0.0
2023-11-23,8.9,13.0,1.4
2023-11-24,-2.8,0.4,-5.3
2023-11-25,-3.5,0.6,-6.8
2023-11-26,1.6,5.4,-1.7
2023-11-27,5.3,8.7,3.7
2023-11-28,-0.8,3.2,-4.2
2023-11-29,-2.7,0.1,-5.8
2023-11-30,-5.3,-2.1,-7.7
2023-12-01,-4.1,0.6,-7.1
2023-12-02,-0.1,6.3,-5.6
2023-12-03,-1.6,3.3,-5.6
2023-12-04,-0.5,6.8,-4.9
2023-12-05,4.1,9.5,0.8
2023-12-06,4.6,9.4,-0.2
2023-12-07,4.0,10.5,-3.1
2023-12-08,9.1,15.6,3.6
2023-12-09,10.7,15.3,7.4
2023-12-10,7.7,13.9,2.1
2023-12-11,7.8,10.2,3.4
2023-12-12,4.0,7.7,1.3
2023-12-13,4.2,10.0,-1.9
2023-12-14,6.5,7.2,5.4
2023-12-15,4.5,5.3,3.1
2023-12-16,-4.0,2.9,-10.9
2023-12-17,-10.3,-7.0,-12.8
2023-12-18,-7.7,-3.6,-11.0
2023-12-19,-4.3,0.0,-8.1
2023-12-20,-7.6,-3.9,-11.4
2023-12-21,-11.8,-8.1,-14.5
2023-12-22,-12.0,-8.1,-14.9
2023-12-23,-7.9,-2.4,-12.2
2023-12-24,-3.5,1.0,-5.4
2023-12-25,-2.7,1.9,-6.2
2023-12-26,-0.8,6.0,-5.3
2023-12-27,-0.9,5.5,-6.5
2023-12-28,-0.4,4.5,-3.7
2023-12-29,-0.1,4.5,-3.5
2023-12-30,-0.8,1.2,-3.9
2023-12-31,1.4,5.4,-2.4
2024-01-01,0.7,6.7,-3.6
2024-01-02,1.0,4.0,-1.7
2024-01-03,-0.2,3.1,-3.7
2024-01-04,-0.6,5.2,-5.6
2024-01-05,2.6,8.0,-2.0
2024-01-06,-1.9,3.5,-6.3
2024-01-07,-5.5,-2.7,-9.0
2024-01-08,-6.1,-1.8,-10.0
2024-01-09,-1.2,1.0,-3.4
2024-01-10,-2.8,3.7,-6.9
2024-01-11,-1.4,4.8,-6.1
2024-01-12,-2.1,3.3,-6.4
2024-01-13,-2.9,3.2,-6.6
2024-01-14,-2.1,3.4,-5.8
2024-01-15,-5.0,0.6,-8.5
2024-01-16,-3.9,2.1,-8.6
2024-01-17,-1.6,1.1,-5.7
2024-01-18,2.7,9.8,-0.7
2024-01-19,3.2,7.4,0.9
2024-01-20,1.7,4.0,0.4
2024-01-21,0.6,2.5,-3.0
2024-01-22,-8.6,-4.2,-12.4
2024-01-23,-12.3,-9.0,-15.0
2024-01-24,-8.9,-4.3,-12.0
2024-01-25,-6.0,-0.8,-9.2
2024-01-26,-3.6,3.1,-7.5
2024-01-27,-2.4,4.1,-7.3
2024-01-28,-3.1,1.5,-6.7
2024-01-29,-2.4,3.9,-6.5
2024-01-30,-0.6,6.3,-5.8
2024-01-31,1.6,8.8,-3.8
2024-02-01,0.1,5.6,-3.7
2024-02-02,1.0,4.9,-3.2
2024-02-03,1.4,6.8,-3.0
2024-02-04,4.1,9.3,0.8
2024-02-05,1.4,2.6,-0.9
2024-02-06,0.5,3.7,-1.8
2024-02-07,-1.4,2.9,-5.7
2024-02-08,-1.7,3.5,-5.0
2024-02-09,-1.2,4.3,-4.5
2024-02-10,-0.9,6.5,-5.3
2024-02-11,-1.7,5.1,-7.1
2024-02-12,0.1,8.6,-6.2
2024-02-13,5.6,13.0,-0.3
2024-02-14,9.3,16.3,4.0
2024-02-15,4.4,8.9,-1.6
2024-02-16,-0.1,6.1,-4.8
2024-02-17,1.2,8.4,-4.7
2024-02-18,4.0,9.2,-2.8
2024-02-19,8.8,11.9,2.1
2024-02-20,2.8,6.7,0.3
2024-02-21,1.7,2.7,0.1
2024-02-22,-0.6,0.9,-2.1
2024-02-23,0.6,5.8,-2.6
2024-02-24,0.6,6.0,-3.7
2024-02-25,1.7,5.6,-2.2
2024-02-26,1.8,8.1,-3.4
2024-02-27,2.2,8.5,-2.8
2024-02-28,3.9,7.9,1.1
2024-02-29,2.8,7.5,-1.9
2024-03-01,-4.9,-1.3,-7.9
2024-03-02,-2.0,4.4,-8.3
2024-03-03,1.6,7.6,-4.3
2024-03-04,2.1,9.0,-5.3
2024-03-05,5.3,10.5,2.5
2024-03-06,4.0,8.9,-1.3
2024-03-07,2.6,7.1,-1.3
2024-03-08,0.1,5.9,-4.3
2024-03-09,-0.6,5.8,-5.6
2024-03-10,1.7,8.3,-3.9
2024-03-11,3.8,9.6,-1.6
2024-03-12,4.6,10.0,-0.1
2024-03-13,3.6,10.5,-2.4
2024-03-14,5.0,12.9,-0.9
2024-03-15,5.3,12.4,-0.7
2024-03-16,7.5,15.4,-0.4
2024-03-17,7.0,10.1,3.4
2024-03-18,4.0,11.4,-3.2
2024-03-19,5.3,10.3,2.1
2024-03-20,3.2,7.7,-0.7
2024-03-21,3.0,9.9,-2.5
2024-03-22,7.8,15.8,0.3
2024-03-23,10.5,16.2,7.5
2024-03-24,11.9,19.3,5.3
2024-03-25,8.7,12.4,5.6
2024-03-26,6.1,12.1,1.9
2024-03-27,7.6,14.7,1.6
2024-03-28,8.8,12.0,6.6
2024-03-29,7.1,13.1,2.7
2024-03-30,6.4,14.2,0.5
2024-03-31,7.2,14.4,0.1
2024-04-01,8.9,16.2,3.1
2024-04-02,11.6,21.2,2.8
2024-04-03,12.6,16.3,9.7
2024-04-04,12.9,18.4,9.2
2024-04-05,11.8,16.2,6.8
2024-04-06,9.8,16.6,4.6
2024-04-07,11.8,20.8,4.1
2024-04-08,13.3,20.7,6.7
2024-04-09,12.2,17.5,8.0
2024-04-10,11.7,17.7,6.2
2024-04-11,12.8,19.2,8.5
2024-04-12,14.1,22.5,6.6
2024-04-13,16.1,26.4,8.6
2024-04-14,18.0,28.1,9.2
2024-04-15,14.9,17.7,10.2
2024-04-16,11.6,15.7,7.3
2024-04-17,11.9,20.9,6.8
2024-04-18,14.7,23.5,8.4
2024-04-19,14.4,21.4,7.1
2024-04-20,13.1,15.2,11.9
2024-04-21,15.8,20.6,12.2
2024-04-22,16.9,23.4,13.3
2024-04-23,15.5,22.2,10.3
2024-04-24,12.8,17.4,9.5
2024-04-25,12.7,19.8,9.5
2024-04-26,15.1,23.8,8.6
2024-04-27,15.5,24.4,9.2
2024-04-28,17.5,26.7,10.3
2024-04-29,18.0,23.6,13.6
2024-04-30,16.0,22.2,11.4
2024-05-01,16.3,22.0,12.3
2024-05-02,16.1,22.9,9.5
2024-05-03,17.4,27.8,9.7
2024-05-04,19.1,27.1,12.0
2024-05-05,17.2,18.9,14.8
2024-05-06,13.7,14.6,12.9
2024-05-07,13.1,15.2,11.7
2024-05-08,13.3,19.5,7.5
2024-05-09,14.0,19.5,8.1
2024-05-10,15.1,21.7,8.8
2024-05-11,15.8,21.6,11.5
2024-05-12,15.2,21.2,10.2
2024-05-13,16.0,22.4,10.2
2024-05-14,16.1,21.9,9.7
2024-05-15,12.3,18.1,6.6
2024-05-16,11.6,18.1,6.0
2024-05-17,15.0,22.1,7.0
2024-05-18,17.5,24.0,11.3
2024-05-19,18.1,25.3,11.8
2024-05-20,17.5,20.9,14.2
2024-05-21,18.9,25.5,13.8
2024-05-22,17.8,23.2,14.0
2024-05-23,17.6,24.0,13.3
2024-05-24,18.8,24.8,14.0
2024-05-25,19.9,24.8,17.7
2024-05-26,18.5,22.5,15.3
2024-05-27,17.6,22.9,12.6
2024-05-28,17.8,23.8,11.7
2024-05-29,18.8,25.5,12.9
2024-05-30,18.7,23.1,14.0
2024-05-31,18.7,23.4,13.5
2024-06-01,19.7,25.8,15.1
2024-06-02,19.0,26.0,12.3
2024-06-03,20.6,27.3,13.8
2024-06-04,21.2,29.3,13.8
2024-06-05,22.4,29.7,16.0
2024-06-06,22.5,29.5,17.1
2024-06-07,21.0,27.2,15.2
2024-06-08,19.4,23.7,16.7
2024-06-09,20.8,27.3,15.3
2024-06-10,22.4,29.5,16.0
2024-06-11,23.0,30.4,18.5
2024-06-12,23.2,30.6,15.7
2024-06-13,24.6,31.8,18.2
2024-06-14,24.9,32.9,18.1
2024-06-15,22.7,27.7,20.2
2024-06-16,22.3,28.6,16.8
2024-06-17,22.3,28.8,16.6
2024-06-18,23.5,31.2,17.4
2024-06-19,26.2,34.7,18.0
2024-06-20,27.2,35.6,20.0
2024-06-21,26.4,32.6,21.3
2024-06-22,23.3,24.7,22.6
2024-06-23,24.0,28.6,20.7
2024-06-24,22.6,26.6,19.6
2024-06-25,20.9,24.9,16.2
2024-06-26,22.2,29.0,16.5
2024-06-27,24.5,30.1,18.9
2024-06-28,24.5,30.8,19.3
2024-06-29,25.4,32.7,19.4
2024-06-30,22.9,24.8,20.9
2024-07-01,24.1,29.8,20.3
2024-07-02,23.1,24.2,21.8
2024-07-03,24.1,26.5,22.6
2024-07-04,24.9,28.8,21.1
2024-07-05,23.1,24.8,21.1
2024-07-06,24.3,29.8,20.9
2024-07-07,23.4,27.3,19.3
2024-07-08,23.1,25.3,21.9
2024-07-09,23.2,26.4,20.5
2024-07-10,25.5,30.1,22.1
2024-07-11,23.6,27.1,21.2
2024-07-12,24.4,30.1,20.7
2024-07-13,25.8,31.1,21.8
2024-07-14,25.9,30.5,22.3
2024-07-15,26.4,30.8,22.0
2024-07-16,25.5,29.8,23.2
2024-07-17,24.7,26.9,22.3
2024-07-18,24.4,25.4,23.3
2024-07-19,25.2,29.0,23.1
2024-07-20,25.3,29.6,22.4
2024-07-21,25.5,29.0,22.7
2024-07-22,26.1,27.6,24.6
2024-07-23,24.9,26.5,23.7
2024-07-24,25.9,30.5,23.7
2024-07-25,27.2,31.9,23.1
2024-07-26,27.4,32.8,24.8
2024-07-27,27.0,30.0,25.2
2024-07-28,28.0,31.0,25.9
2024-07-29,26.6,28.3,25.3
2024-07-30,26.8,30.3,24.7
2024-07-31,27.4,31.3,24.7
2024-08-01,28.1,31.9,25.0
2024-08-02,27.4,30.1,25.3
2024-08-03,27.8,31.9,24.3
2024-08-04,28.9,33.4,24.1
2024-08-05,28.1,31.5,25.7
2024-08-06,27.7,31.0,24.9
2024-08-07,27.2,30.9,24.4
2024-08-08,26.4,29.4,23.2
2024-08-09,27.2,31.9,24.2
2024-08-10,27.8,32.1,24.2
2024-08-11,28.5,32.7,25.0
2024-08-12,29.0,32.3,25.9
2024-08-13,28.8,33.6,25.4
2024-08-14,28.4,32.7,25.3
2024-08-15,28.0,32.3,25.6
2024-08-16,28.2,31.8,24.9
2024-08-17,28.1,32.4,25.3
2024-08-18,27.1,32.3,24.2
2024-08-19,27.8,32.6,24.8
2024-08-20,28.8,34.0,25.6
2024-08-21,26.4,28.7,25.3
2024-08-22,27.4,30.9,25.0
2024-08-23,26.3,29.5,24.2
2024-08-24,25.8,29.5,22.5
2024-08-25,26.8,30.6,24.2
2024-08-26,26.4,29.3,23.4
2024-08-27,24.2,26.6,22.1
2024-08-28,26.1,31.4,20.9
2024-08-29,26.0,30.8,20.9
2024-08-30,26.0,31.2,21.2
2024-08-31,24.7,29.9,19.4
2024-09-01,24.5,28.3,20.8
2024-09-02,22.7,25.5,20.4
2024-09-03,24.2,29.3,20.5
2024-09-04,24.6,29.9,19.9
2024-09-05,24.8,27.5,22.6
2024-09-06,23.7,25.9,21.5
2024-09-07,24.3,29.1,21.1
2024-09-08,24.6,29.9,20.1
2024-09-09,26.4,31.2,22.3
2024-09-10,27.0,31.4,23.4
2024-09-11,26.9,32.7,22.7
2024-09-12,24.7,25.3,24.0
2024-09-13,24.9,27.6,23.4
2024-09-14,25.8,29.3,23.5
2024-09-15,25.3,29.8,22.2
2024-09-16,25.4,31.0,20.5
2024-09-17,27.2,30.8,24.7
2024-09-18,26.6,29.7,23.7
2024-09-19,26.4,29.4,24.5
2024-09-20,24.2,26.9,16.9
2024-09-21,19.0,21.7,17.1
2024-09-22,19.9,23.6,17.3
2024-09-23,18.8,23.7,14.8
2024-09-24,18.2,23.5,13.7
2024-09-25,20.7,25.9,16.1
2024-09-26,21.3,26.0,18.6
2024-09-27,21.0,26.0,16.4
2024-09-28,21.3,26.0,17.8
2024-09-29,21.4,26.5,17.8
2024-09-30,20.3,25.4,15.8
2024-10-01,17.2,20.2,12.2
2024-10-02,12.9,17.9,9.6
2024-10-03,13.6,20.1,7.8
2024-10-04,14.4,20.9,8.5
2024-10-05,14.4,21.1,8.7
2024-10-06,13.3,16.7,9.0
2024-10-07,15.5,19.8,12.2
2024-10-08,15.5,20.5,9.9
2024-10-09,16.5,21.9,11.8
2024-10-10,16.5,21.0,12.7
2024-10-11,15.8,21.6,11.1
2024-10-12,15.1,20.8,9.8
2024-10-13,15.8,22.3,10.0
2024-10-14,17.7,21.1,15.2
2024-10-15,17.4,21.5,14.6
2024-10-16,15.6,21.2,12.6
2024-10-17,16.5,23.2,10.3
2024-10-18,16.1,18.5,15.2
2024-10-19,15.7,20.5,11.5
2024-10-20,12.1,16.8,9.0
2024-10-21,12.4,17.2,7.7
2024-10-22,14.9,16.6,12.9
2024-10-23,11.9,15.0,7.2
2024-10-24,10.6,16.5,4.6
2024-10-25,11.9,19.4,6.1
2024-10-26,14.7,21.5,9.5
2024-10-27,14.5,17.8,11.8
2024-10-28,14.0,19.1,9.4
2024-10-29,13.1,16.9,9.1
2024-10-30,13.3,18.3,8.8
2024-10-31,12.7,19.5,7.7
2024-11-01,12.6,17.2,8.9
2024-11-02,15.6,22.6,10.2
2024-11-03,14.6,20.9,9.3
2024-11-04,13.3,16.9,7.8
2024-11-05,8.1,12.9,4.9
2024-11-06,5.3,9.8,1.7
2024-11-07,5.0,11.6,-0.3
2024-11-08,6.5,14.6,-0.5
2024-11-09,9.7,17.2,4.2
2024-11-10,10.9,17.3,7.5
2024-11-11,12.0,17.7,8.5
2024-11-12,11.3,16.6,6.9
2024-11-13,11.7,18.2,6.5
2024-11-14,12.6,15.4,9.9
2024-11-15,14.1,18.4,11.4
2024-11-16,15.4,20.2,12.7
2024-11-17,6.8,13.1,2.4
2024-11-18,1.7,5.5,-1.4
2024-11-19,2.4,6.9,-0.9
2024-11-20,4.8,9.4,0.9
2024-11-21,7.4,12.9,3.5
2024-11-22,5.2,9.1,1.8
2024-11-23,4.2,9.8,-0.5
2024-11-24,5.4,10.9,1.0
2024-11-25,8.0,14.1,1.9
2024-11-26,6.7,11.1,1.6
2024-11-27,-0.7,1.2,-2.3
2024-11-28,-1.9,1.1,-5.2
2024-11-29,-2.8,0.9,-7.8
2024-11-30,0.0,4.0,-4.5
2024-12-01,1.1,4.7,-2.9
2024-12-02,5.4,12.5,-0.4
2024-12-03,-1.1,2.3,-4.3
2024-12-04,0.3,3.8,-2.1
2024-12-05,1.4,6.6,-1.9
2024-12-06,0.1,3.3,-2.6
2024-12-07,-1.7,1.6,-3.5
2024-12-08,-2.0,2.2,-4.9
2024-12-09,-1.2,3.7,-4.5
2024-12-10,0.3,5.1,-2.5
2024-12-11,0.4,5.1,-2.3
2024-12-12,-1.5,2.8,-4.6
2024-12-13,-0.5,2.9,-2.3
2024-12-14,-2.3,0.9,-5.0
2024-12-15,-0.1,4.4,-2.7
2024-12-16,-1.3,2.6,-3.8
2024-12-17,-2.0,0.8,-4.0
2024-12-18,-4.3,-1.2,-6.8
2024-12-19,-3.2,1.7,-6.5
2024-12-20,-0.8,2.7,-3.3
2024-12-21,-1.5,0.8,-6.2
2024-12-22,-5.9,-2.0,-8.7
2024-12-23,-3.5,3.3,-9.5
2024-12-24,-2.9,1.1,-6.6
2024-12-25,-0.1,4.2,-4.9
2024-12-26,-1.5,1.7,-5.2
2024-12-27,-3.5,0.3,-6.0
2024-12-28,-3.9,-0.2,-6.7
2024-12-29,-1.4,3.1,-5.3
2024-12-30,3.2,8.5,-0.9
2024-12-31,-1.1,2.1,-3.6
